hash,paths
ff818181818181ff,data/standardized_jpg/adm/train/nature/001501.jpg|data/standardized_jpg/adm/train/nature/001087.jpg
ffff3f0000000000,data/standardized_jpg/adm/train/nature/001935.jpg|data/standardized_jpg/adm/train/ai/001807.jpg
ffffff3f00000000,data/standardized_jpg/adm/train/nature/000544.jpg|data/standardized_jpg/adm/train/nature/001908.jpg
00000000ffffffff,data/standardized_jpg/adm/train/nature/000382.jpg|data/standardized_jpg/adm/train/ai/000979.jpg
ffffffffef000000,data/standardized_jpg/adm/train/nature/001825.jpg|data/standardized_jpg/adm/train/ai/001707.jpg
fffffffe00000000,data/standardized_jpg/adm/train/nature/001956.jpg|data/standardized_jpg/adm/val/ai/000186.jpg
ffffff0000000000,data/standardized_jpg/adm/train/nature/001361.jpg|data/standardized_jpg/adm/train/nature/001957.jpg|data/standardized_jpg/adm/train/ai/001639.jpg|data/standardized_jpg/adm/val/ai/000232.jpg|data/standardized_jpg/adm/val/ai/000298.jpg
ffffff0f00000000,data/standardized_jpg/adm/train/nature/001200.jpg|data/standardized_jpg/adm/train/ai/001585.jpg
ffffffff1f000000,data/standardized_jpg/adm/train/nature/001817.jpg|data/standardized_jpg/adm/val/nature/000282.jpg
ffffffcfcf000000,data/standardized_jpg/adm/train/nature/000315.jpg|data/standardized_jpg/adm/train/ai/000691.jpg
ffffffff00000000,data/standardized_jpg/adm/train/nature/001455.jpg|data/standardized_jpg/adm/train/ai/001115.jpg|data/standardized_jpg/adm/train/ai/001961.jpg|data/standardized_jpg/adm/train/ai/000982.jpg|data/standardized_jpg/adm/val/nature/000308.jpg
ffffffff81000000,data/standardized_jpg/adm/train/nature/000388.jpg|data/standardized_jpg/adm/train/ai/000540.jpg
ffffffef40000000,data/standardized_jpg/adm/train/nature/001889.jpg|data/standardized_jpg/adm/train/ai/001259.jpg
ffffffffff000000,data/standardized_jpg/adm/train/ai/000787.jpg|data/standardized_jpg/adm/train/ai/000669.jpg|data/standardized_jpg/adm/train/ai/001568.jpg|data/standardized_jpg/adm/train/ai/001233.jpg
ffffff7f00000000,data/standardized_jpg/adm/train/ai/001205.jpg|data/standardized_jpg/adm/train/ai/000069.jpg|data/standardized_jpg/adm/train/ai/001379.jpg
ffffff7e00000000,data/standardized_jpg/adm/train/ai/001508.jpg|data/standardized_jpg/adm/train/ai/000954.jpg
ffffff0100000000,data/standardized_jpg/adm/train/ai/001097.jpg|data/standardized_jpg/adm/val/nature/000131.jpg
