group_id,paths
0,data/standardized_jpg/vqdm/train/nature/001264.jpg|data/standardized_jpg/vqdm/val/ai/000437.jpg|data/standardized_jpg/vqdm/val/ai/000054.jpg
1,data/standardized_jpg/vqdm/train/nature/000634.jpg|data/standardized_jpg/vqdm/train/nature/000422.jpg
2,data/standardized_jpg/vqdm/train/nature/000620.jpg|data/standardized_jpg/vqdm/train/ai/000126.jpg|data/standardized_jpg/vqdm/train/ai/000732.jpg
3,data/standardized_jpg/vqdm/train/nature/000350.jpg|data/standardized_jpg/vqdm/train/nature/000390.jpg|data/standardized_jpg/vqdm/train/nature/001060.jpg|data/standardized_jpg/vqdm/train/ai/001703.jpg
4,data/standardized_jpg/vqdm/train/nature/000387.jpg|data/standardized_jpg/vqdm/train/ai/001881.jpg
5,data/standardized_jpg/vqdm/train/nature/001099.jpg|data/standardized_jpg/vqdm/train/nature/001378.jpg|data/standardized_jpg/vqdm/train/ai/001781.jpg
6,data/standardized_jpg/vqdm/train/nature/001106.jpg|data/standardized_jpg/vqdm/train/nature/000445.jpg|data/standardized_jpg/vqdm/train/ai/000885.jpg|data/standardized_jpg/vqdm/train/ai/001009.jpg
7,data/standardized_jpg/vqdm/train/nature/001112.jpg|data/standardized_jpg/vqdm/train/ai/000807.jpg
8,data/standardized_jpg/vqdm/train/nature/000556.jpg|data/standardized_jpg/vqdm/train/nature/000369.jpg|data/standardized_jpg/vqdm/train/nature/000638.jpg|data/standardized_jpg/vqdm/train/ai/001289.jpg|data/standardized_jpg/vqdm/train/ai/001301.jpg|data/standardized_jpg/vqdm/train/ai/000455.jpg|data/standardized_jpg/vqdm/train/ai/000326.jpg|data/standardized_jpg/vqdm/train/ai/000332.jpg|data/standardized_jpg/vqdm/train/ai/001360.jpg|data/standardized_jpg/vqdm/train/ai/000281.jpg|data/standardized_jpg/vqdm/train/ai/000882.jpg|data/standardized_jpg/vqdm/train/ai/000607.jpg|data/standardized_jpg/vqdm/val/nature/000475.jpg|data/standardized_jpg/vqdm/val/ai/000124.jpg|data/standardized_jpg/vqdm/val/ai/000487.jpg|data/standardized_jpg/vqdm/val/ai/000135.jpg|data/standardized_jpg/vqdm/val/ai/000139.jpg
9,data/standardized_jpg/vqdm/train/nature/001847.jpg|data/standardized_jpg/vqdm/train/ai/001918.jpg|data/standardized_jpg/vqdm/train/ai/001912.jpg
10,data/standardized_jpg/vqdm/train/nature/000595.jpg|data/standardized_jpg/vqdm/train/nature/001643.jpg|data/standardized_jpg/vqdm/train/ai/000371.jpg
11,data/standardized_jpg/vqdm/train/nature/001489.jpg|data/standardized_jpg/vqdm/train/nature/001111.jpg|data/standardized_jpg/vqdm/train/nature/000803.jpg|data/standardized_jpg/vqdm/train/nature/001029.jpg|data/standardized_jpg/vqdm/train/nature/000845.jpg|data/standardized_jpg/vqdm/train/nature/001150.jpg|data/standardized_jpg/vqdm/train/nature/001025.jpg|data/standardized_jpg/vqdm/train/nature/000701.jpg|data/standardized_jpg/vqdm/train/nature/001026.jpg|data/standardized_jpg/vqdm/train/nature/001963.jpg|data/standardized_jpg/vqdm/train/nature/001445.jpg|data/standardized_jpg/vqdm/train/nature/000941.jpg|data/standardized_jpg/vqdm/train/nature/001281.jpg|data/standardized_jpg/vqdm/train/nature/001137.jpg|data/standardized_jpg/vqdm/train/ai/000024.jpg|data/standardized_jpg/vqdm/train/ai/001662.jpg|data/standardized_jpg/vqdm/train/ai/001841.jpg|data/standardized_jpg/vqdm/train/ai/001950.jpg|data/standardized_jpg/vqdm/train/ai/001614.jpg|data/standardized_jpg/vqdm/train/ai/001995.jpg|data/standardized_jpg/vqdm/train/ai/000848.jpg|data/standardized_jpg/vqdm/train/ai/001609.jpg|data/standardized_jpg/vqdm/train/ai/000729.jpg|data/standardized_jpg/vqdm/train/ai/000129.jpg|data/standardized_jpg/vqdm/train/ai/001961.jpg|data/standardized_jpg/vqdm/train/ai/001222.jpg|data/standardized_jpg/vqdm/train/ai/001708.jpg|data/standardized_jpg/vqdm/train/ai/001530.jpg|data/standardized_jpg/vqdm/val/nature/000051.jpg|data/standardized_jpg/vqdm/val/nature/000321.jpg|data/standardized_jpg/vqdm/val/nature/000271.jpg|data/standardized_jpg/vqdm/val/nature/000039.jpg|data/standardized_jpg/vqdm/val/ai/000390.jpg|data/standardized_jpg/vqdm/val/ai/000144.jpg|data/standardized_jpg/vqdm/val/ai/000023.jpg|data/standardized_jpg/vqdm/val/ai/000278.jpg|data/standardized_jpg/vqdm/val/ai/000292.jpg|data/standardized_jpg/vqdm/val/ai/000328.jpg|data/standardized_jpg/vqdm/val/ai/000365.jpg|data/standardized_jpg/vqdm/val/ai/000205.jpg
12,data/standardized_jpg/vqdm/train/nature/001488.jpg|data/standardized_jpg/vqdm/train/ai/001564.jpg|data/standardized_jpg/vqdm/train/ai/000548.jpg|data/standardized_jpg/vqdm/val/ai/000438.jpg
13,data/standardized_jpg/vqdm/train/nature/001311.jpg|data/standardized_jpg/vqdm/train/nature/000154.jpg|data/standardized_jpg/vqdm/val/ai/000068.jpg
14,data/standardized_jpg/vqdm/train/nature/000594.jpg|data/standardized_jpg/vqdm/train/ai/000044.jpg|data/standardized_jpg/vqdm/train/ai/000713.jpg
15,data/standardized_jpg/vqdm/train/nature/000543.jpg|data/standardized_jpg/vqdm/val/ai/000275.jpg
16,data/standardized_jpg/vqdm/train/nature/000437.jpg|data/standardized_jpg/vqdm/train/ai/001495.jpg|data/standardized_jpg/vqdm/val/ai/000301.jpg
17,data/standardized_jpg/vqdm/train/nature/001073.jpg|data/standardized_jpg/vqdm/train/ai/001546.jpg
18,data/standardized_jpg/vqdm/train/nature/000147.jpg|data/standardized_jpg/vqdm/train/nature/000035.jpg
19,data/standardized_jpg/vqdm/train/nature/001265.jpg|data/standardized_jpg/vqdm/train/nature/001428.jpg|data/standardized_jpg/vqdm/train/ai/001112.jpg|data/standardized_jpg/vqdm/train/ai/000681.jpg|data/standardized_jpg/vqdm/train/ai/000919.jpg|data/standardized_jpg/vqdm/train/ai/000376.jpg
20,data/standardized_jpg/vqdm/train/nature/000609.jpg|data/standardized_jpg/vqdm/train/ai/000319.jpg
21,data/standardized_jpg/vqdm/train/nature/000179.jpg|data/standardized_jpg/vqdm/train/nature/001272.jpg|data/standardized_jpg/vqdm/train/nature/000309.jpg|data/standardized_jpg/vqdm/train/nature/000256.jpg|data/standardized_jpg/vqdm/train/nature/000459.jpg|data/standardized_jpg/vqdm/train/nature/000511.jpg|data/standardized_jpg/vqdm/train/nature/001633.jpg|data/standardized_jpg/vqdm/train/nature/000504.jpg|data/standardized_jpg/vqdm/train/nature/000470.jpg|data/standardized_jpg/vqdm/train/nature/001319.jpg|data/standardized_jpg/vqdm/train/nature/000012.jpg|data/standardized_jpg/vqdm/train/nature/001285.jpg|data/standardized_jpg/vqdm/train/nature/001928.jpg|data/standardized_jpg/vqdm/train/ai/001258.jpg|data/standardized_jpg/vqdm/train/ai/000741.jpg|data/standardized_jpg/vqdm/train/ai/000379.jpg|data/standardized_jpg/vqdm/train/ai/000035.jpg|data/standardized_jpg/vqdm/train/ai/000779.jpg|data/standardized_jpg/vqdm/train/ai/000680.jpg|data/standardized_jpg/vqdm/train/ai/000938.jpg|data/standardized_jpg/vqdm/train/ai/000865.jpg|data/standardized_jpg/vqdm/train/ai/000293.jpg|data/standardized_jpg/vqdm/train/ai/000696.jpg|data/standardized_jpg/vqdm/train/ai/000094.jpg|data/standardized_jpg/vqdm/train/ai/001374.jpg|data/standardized_jpg/vqdm/train/ai/000240.jpg|data/standardized_jpg/vqdm/train/ai/000450.jpg|data/standardized_jpg/vqdm/train/ai/001958.jpg|data/standardized_jpg/vqdm/train/ai/000307.jpg|data/standardized_jpg/vqdm/train/ai/001757.jpg|data/standardized_jpg/vqdm/train/ai/000072.jpg|data/standardized_jpg/vqdm/train/ai/001595.jpg|data/standardized_jpg/vqdm/train/ai/001221.jpg|data/standardized_jpg/vqdm/train/ai/001544.jpg|data/standardized_jpg/vqdm/train/ai/001090.jpg|data/standardized_jpg/vqdm/train/ai/001084.jpg|data/standardized_jpg/vqdm/train/ai/000616.jpg|data/standardized_jpg/vqdm/train/ai/000560.jpg|data/standardized_jpg/vqdm/train/ai/000978.jpg|data/standardized_jpg/vqdm/train/ai/000610.jpg|data/standardized_jpg/vqdm/train/ai/001526.jpg|data/standardized_jpg/vqdm/train/ai/001240.jpg|data/standardized_jpg/vqdm/val/ai/000236.jpg|data/standardized_jpg/vqdm/val/ai/000433.jpg|data/standardized_jpg/vqdm/val/ai/000082.jpg|data/standardized_jpg/vqdm/val/ai/000001.jpg
22,data/standardized_jpg/vqdm/train/nature/001273.jpg|data/standardized_jpg/vqdm/train/nature/001227.jpg
23,data/standardized_jpg/vqdm/train/nature/001298.jpg|data/standardized_jpg/vqdm/train/ai/001176.jpg
24,data/standardized_jpg/vqdm/train/nature/001065.jpg|data/standardized_jpg/vqdm/train/ai/000380.jpg
25,data/standardized_jpg/vqdm/train/nature/001703.jpg|data/standardized_jpg/vqdm/train/ai/000097.jpg
26,data/standardized_jpg/vqdm/train/nature/001071.jpg|data/standardized_jpg/vqdm/train/nature/001666.jpg|data/standardized_jpg/vqdm/train/nature/001303.jpg|data/standardized_jpg/vqdm/train/nature/000042.jpg|data/standardized_jpg/vqdm/train/nature/000710.jpg|data/standardized_jpg/vqdm/train/nature/000538.jpg|data/standardized_jpg/vqdm/train/nature/001334.jpg|data/standardized_jpg/vqdm/train/nature/000567.jpg|data/standardized_jpg/vqdm/train/ai/000520.jpg|data/standardized_jpg/vqdm/train/ai/001639.jpg|data/standardized_jpg/vqdm/train/ai/000725.jpg|data/standardized_jpg/vqdm/train/ai/000724.jpg|data/standardized_jpg/vqdm/train/ai/000474.jpg|data/standardized_jpg/vqdm/train/ai/001743.jpg|data/standardized_jpg/vqdm/train/ai/000116.jpg|data/standardized_jpg/vqdm/train/ai/000658.jpg|data/standardized_jpg/vqdm/train/ai/001802.jpg|data/standardized_jpg/vqdm/train/ai/001237.jpg|data/standardized_jpg/vqdm/train/ai/001586.jpg|data/standardized_jpg/vqdm/train/ai/001522.jpg
27,data/standardized_jpg/vqdm/train/nature/000233.jpg|data/standardized_jpg/vqdm/train/nature/001826.jpg|data/standardized_jpg/vqdm/train/nature/001767.jpg|data/standardized_jpg/vqdm/train/nature/000874.jpg|data/standardized_jpg/vqdm/train/nature/000940.jpg|data/standardized_jpg/vqdm/train/ai/000237.jpg|data/standardized_jpg/vqdm/train/ai/000778.jpg|data/standardized_jpg/vqdm/train/ai/000988.jpg|data/standardized_jpg/vqdm/train/ai/001765.jpg|data/standardized_jpg/vqdm/train/ai/000493.jpg|data/standardized_jpg/vqdm/train/ai/000272.jpg|data/standardized_jpg/vqdm/train/ai/000273.jpg|data/standardized_jpg/vqdm/train/ai/000661.jpg|data/standardized_jpg/vqdm/train/ai/001962.jpg|data/standardized_jpg/vqdm/train/ai/001814.jpg|data/standardized_jpg/vqdm/train/ai/000276.jpg|data/standardized_jpg/vqdm/train/ai/000458.jpg|data/standardized_jpg/vqdm/train/ai/001730.jpg|data/standardized_jpg/vqdm/val/nature/000178.jpg|data/standardized_jpg/vqdm/val/ai/000344.jpg|data/standardized_jpg/vqdm/val/ai/000224.jpg|data/standardized_jpg/vqdm/val/ai/000230.jpg|data/standardized_jpg/vqdm/val/ai/000357.jpg|data/standardized_jpg/vqdm/val/ai/000337.jpg|data/standardized_jpg/vqdm/val/ai/000217.jpg
28,data/standardized_jpg/vqdm/train/nature/000227.jpg|data/standardized_jpg/vqdm/train/ai/000177.jpg
29,data/standardized_jpg/vqdm/train/nature/001139.jpg|data/standardized_jpg/vqdm/train/ai/001008.jpg
30,data/standardized_jpg/vqdm/train/nature/001313.jpg|data/standardized_jpg/vqdm/train/nature/000486.jpg
31,data/standardized_jpg/vqdm/train/nature/000019.jpg|data/standardized_jpg/vqdm/train/ai/000030.jpg|data/standardized_jpg/vqdm/train/ai/001058.jpg
32,data/standardized_jpg/vqdm/train/nature/000025.jpg|data/standardized_jpg/vqdm/train/ai/001632.jpg
33,data/standardized_jpg/vqdm/train/nature/000970.jpg|data/standardized_jpg/vqdm/val/ai/000052.jpg
34,data/standardized_jpg/vqdm/train/nature/000958.jpg|data/standardized_jpg/vqdm/train/nature/000630.jpg
35,data/standardized_jpg/vqdm/train/nature/001474.jpg|data/standardized_jpg/vqdm/train/nature/001713.jpg|data/standardized_jpg/vqdm/train/ai/000862.jpg|data/standardized_jpg/vqdm/train/ai/001287.jpg
36,data/standardized_jpg/vqdm/train/nature/001845.jpg|data/standardized_jpg/vqdm/train/nature/000321.jpg|data/standardized_jpg/vqdm/train/nature/000924.jpg|data/standardized_jpg/vqdm/train/nature/000920.jpg|data/standardized_jpg/vqdm/train/nature/001961.jpg|data/standardized_jpg/vqdm/train/nature/001081.jpg|data/standardized_jpg/vqdm/train/ai/001110.jpg|data/standardized_jpg/vqdm/train/ai/001129.jpg|data/standardized_jpg/vqdm/train/ai/001938.jpg|data/standardized_jpg/vqdm/train/ai/000149.jpg|data/standardized_jpg/vqdm/train/ai/001297.jpg|data/standardized_jpg/vqdm/val/ai/000429.jpg|data/standardized_jpg/vqdm/val/ai/000200.jpg
37,data/standardized_jpg/vqdm/train/nature/000540.jpg|data/standardized_jpg/vqdm/train/nature/001944.jpg|data/standardized_jpg/vqdm/train/nature/001573.jpg|data/standardized_jpg/vqdm/train/nature/001214.jpg|data/standardized_jpg/vqdm/train/nature/001958.jpg|data/standardized_jpg/vqdm/train/nature/001960.jpg|data/standardized_jpg/vqdm/train/nature/001593.jpg|data/standardized_jpg/vqdm/train/nature/000007.jpg|data/standardized_jpg/vqdm/train/nature/000818.jpg|data/standardized_jpg/vqdm/train/nature/001294.jpg|data/standardized_jpg/vqdm/train/ai/001648.jpg|data/standardized_jpg/vqdm/train/ai/001869.jpg|data/standardized_jpg/vqdm/train/ai/000786.jpg|data/standardized_jpg/vqdm/train/ai/001238.jpg|data/standardized_jpg/vqdm/train/ai/000245.jpg|data/standardized_jpg/vqdm/train/ai/000123.jpg|data/standardized_jpg/vqdm/train/ai/001028.jpg|data/standardized_jpg/vqdm/train/ai/001571.jpg|data/standardized_jpg/vqdm/train/ai/001959.jpg|data/standardized_jpg/vqdm/train/ai/000918.jpg|data/standardized_jpg/vqdm/train/ai/000663.jpg|data/standardized_jpg/vqdm/train/ai/000677.jpg|data/standardized_jpg/vqdm/train/ai/001816.jpg|data/standardized_jpg/vqdm/train/ai/001948.jpg|data/standardized_jpg/vqdm/train/ai/001735.jpg|data/standardized_jpg/vqdm/train/ai/001093.jpg|data/standardized_jpg/vqdm/train/ai/001724.jpg|data/standardized_jpg/vqdm/train/ai/001309.jpg|data/standardized_jpg/vqdm/val/nature/000037.jpg|data/standardized_jpg/vqdm/val/ai/000490.jpg|data/standardized_jpg/vqdm/val/ai/000320.jpg|data/standardized_jpg/vqdm/val/ai/000170.jpg|data/standardized_jpg/vqdm/val/ai/000202.jpg
38,data/standardized_jpg/vqdm/train/nature/001110.jpg|data/standardized_jpg/vqdm/train/nature/001242.jpg
39,data/standardized_jpg/vqdm/train/nature/001676.jpg|data/standardized_jpg/vqdm/train/nature/001604.jpg
40,data/standardized_jpg/vqdm/train/nature/000385.jpg|data/standardized_jpg/vqdm/train/nature/000607.jpg
41,data/standardized_jpg/vqdm/train/nature/001716.jpg|data/standardized_jpg/vqdm/val/ai/000290.jpg
42,data/standardized_jpg/vqdm/train/nature/001064.jpg|data/standardized_jpg/vqdm/train/nature/001665.jpg|data/standardized_jpg/vqdm/train/nature/000906.jpg|data/standardized_jpg/vqdm/train/ai/001788.jpg|data/standardized_jpg/vqdm/val/nature/000382.jpg
43,data/standardized_jpg/vqdm/train/nature/001702.jpg|data/standardized_jpg/vqdm/train/nature/001566.jpg|data/standardized_jpg/vqdm/train/ai/000783.jpg|data/standardized_jpg/vqdm/train/ai/000027.jpg|data/standardized_jpg/vqdm/train/ai/001529.jpg|data/standardized_jpg/vqdm/train/ai/000333.jpg|data/standardized_jpg/vqdm/train/ai/000689.jpg
44,data/standardized_jpg/vqdm/train/nature/000187.jpg|data/standardized_jpg/vqdm/train/ai/000069.jpg
45,data/standardized_jpg/vqdm/train/nature/000626.jpg|data/standardized_jpg/vqdm/train/ai/000147.jpg
46,data/standardized_jpg/vqdm/train/nature/000168.jpg|data/standardized_jpg/vqdm/train/ai/001854.jpg|data/standardized_jpg/vqdm/val/ai/000049.jpg
47,data/standardized_jpg/vqdm/train/nature/001706.jpg|data/standardized_jpg/vqdm/train/nature/000085.jpg
48,data/standardized_jpg/vqdm/train/nature/000381.jpg|data/standardized_jpg/vqdm/train/ai/000378.jpg
49,data/standardized_jpg/vqdm/train/nature/001128.jpg|data/standardized_jpg/vqdm/train/ai/000227.jpg|data/standardized_jpg/vqdm/train/ai/001014.jpg|data/standardized_jpg/vqdm/train/ai/000825.jpg|data/standardized_jpg/vqdm/val/ai/000327.jpg
50,data/standardized_jpg/vqdm/train/nature/000578.jpg|data/standardized_jpg/vqdm/train/nature/000819.jpg|data/standardized_jpg/vqdm/train/ai/001413.jpg|data/standardized_jpg/vqdm/val/ai/000450.jpg
51,data/standardized_jpg/vqdm/train/nature/000746.jpg|data/standardized_jpg/vqdm/train/nature/000793.jpg
52,data/standardized_jpg/vqdm/train/nature/001316.jpg|data/standardized_jpg/vqdm/train/nature/000454.jpg|data/standardized_jpg/vqdm/train/nature/000881.jpg|data/standardized_jpg/vqdm/train/nature/001484.jpg
53,data/standardized_jpg/vqdm/train/nature/000008.jpg|data/standardized_jpg/vqdm/train/nature/000283.jpg|data/standardized_jpg/vqdm/train/ai/001006.jpg|data/standardized_jpg/vqdm/train/ai/001416.jpg
54,data/standardized_jpg/vqdm/train/nature/000961.jpg|data/standardized_jpg/vqdm/train/ai/001128.jpg|data/standardized_jpg/vqdm/val/ai/000309.jpg
55,data/standardized_jpg/vqdm/train/nature/000747.jpg|data/standardized_jpg/vqdm/train/nature/000866.jpg|data/standardized_jpg/vqdm/train/ai/001107.jpg|data/standardized_jpg/vqdm/train/ai/001040.jpg
56,data/standardized_jpg/vqdm/train/nature/000021.jpg|data/standardized_jpg/vqdm/train/nature/000548.jpg
57,data/standardized_jpg/vqdm/train/nature/001667.jpg|data/standardized_jpg/vqdm/val/nature/000239.jpg
58,data/standardized_jpg/vqdm/train/nature/001897.jpg|data/standardized_jpg/vqdm/train/nature/001724.jpg|data/standardized_jpg/vqdm/val/nature/000092.jpg
59,data/standardized_jpg/vqdm/train/nature/001707.jpg|data/standardized_jpg/vqdm/val/nature/000049.jpg
60,data/standardized_jpg/vqdm/train/nature/001288.jpg|data/standardized_jpg/vqdm/train/ai/000096.jpg|data/standardized_jpg/vqdm/train/ai/001083.jpg|data/standardized_jpg/vqdm/val/ai/000028.jpg
61,data/standardized_jpg/vqdm/train/nature/001277.jpg|data/standardized_jpg/vqdm/train/ai/001064.jpg
62,data/standardized_jpg/vqdm/train/nature/000631.jpg|data/standardized_jpg/vqdm/train/nature/000699.jpg|data/standardized_jpg/vqdm/train/ai/001518.jpg|data/standardized_jpg/vqdm/val/nature/000022.jpg
63,data/standardized_jpg/vqdm/train/nature/000816.jpg|data/standardized_jpg/vqdm/train/ai/001569.jpg
64,data/standardized_jpg/vqdm/train/nature/001063.jpg|data/standardized_jpg/vqdm/train/ai/001089.jpg|data/standardized_jpg/vqdm/val/ai/000356.jpg
65,data/standardized_jpg/vqdm/train/nature/000382.jpg|data/standardized_jpg/vqdm/train/nature/000473.jpg|data/standardized_jpg/vqdm/train/ai/001422.jpg
66,data/standardized_jpg/vqdm/train/nature/001659.jpg|data/standardized_jpg/vqdm/train/ai/001992.jpg
67,data/standardized_jpg/vqdm/train/nature/001842.jpg|data/standardized_jpg/vqdm/train/ai/001909.jpg|data/standardized_jpg/vqdm/train/ai/001831.jpg|data/standardized_jpg/vqdm/val/ai/000066.jpg|data/standardized_jpg/vqdm/val/ai/000462.jpg
68,data/standardized_jpg/vqdm/train/nature/001856.jpg|data/standardized_jpg/vqdm/train/nature/001685.jpg|data/standardized_jpg/vqdm/train/ai/000546.jpg|data/standardized_jpg/vqdm/train/ai/000207.jpg|data/standardized_jpg/vqdm/val/nature/000370.jpg|data/standardized_jpg/vqdm/val/ai/000406.jpg
69,data/standardized_jpg/vqdm/train/nature/000023.jpg|data/standardized_jpg/vqdm/train/ai/000518.jpg|data/standardized_jpg/vqdm/train/ai/000739.jpg
70,data/standardized_jpg/vqdm/train/nature/001473.jpg|data/standardized_jpg/vqdm/train/ai/001932.jpg|data/standardized_jpg/vqdm/train/ai/000443.jpg
71,data/standardized_jpg/vqdm/train/nature/000977.jpg|data/standardized_jpg/vqdm/train/nature/000952.jpg
72,data/standardized_jpg/vqdm/train/nature/000585.jpg|data/standardized_jpg/vqdm/train/ai/000533.jpg
73,data/standardized_jpg/vqdm/train/nature/001894.jpg|data/standardized_jpg/vqdm/train/nature/000719.jpg|data/standardized_jpg/vqdm/train/nature/000650.jpg|data/standardized_jpg/vqdm/val/ai/000470.jpg
74,data/standardized_jpg/vqdm/train/nature/000546.jpg|data/standardized_jpg/vqdm/val/nature/000173.jpg
75,data/standardized_jpg/vqdm/train/nature/001923.jpg|data/standardized_jpg/vqdm/train/ai/001882.jpg|data/standardized_jpg/vqdm/train/ai/001274.jpg
76,data/standardized_jpg/vqdm/train/nature/001089.jpg|data/standardized_jpg/vqdm/train/ai/001103.jpg
77,data/standardized_jpg/vqdm/train/nature/001062.jpg|data/standardized_jpg/vqdm/train/nature/001330.jpg|data/standardized_jpg/vqdm/train/ai/001837.jpg|data/standardized_jpg/vqdm/train/ai/001283.jpg|data/standardized_jpg/vqdm/val/nature/000111.jpg
78,data/standardized_jpg/vqdm/train/nature/001704.jpg|data/standardized_jpg/vqdm/train/ai/000914.jpg|data/standardized_jpg/vqdm/val/nature/000048.jpg
79,data/standardized_jpg/vqdm/train/nature/000340.jpg|data/standardized_jpg/vqdm/train/ai/001291.jpg
80,data/standardized_jpg/vqdm/train/nature/000195.jpg|data/standardized_jpg/vqdm/train/nature/000643.jpg|data/standardized_jpg/vqdm/val/ai/000259.jpg
81,data/standardized_jpg/vqdm/train/nature/000624.jpg|data/standardized_jpg/vqdm/train/nature/000176.jpg
82,data/standardized_jpg/vqdm/train/nature/001213.jpg|data/standardized_jpg/vqdm/train/ai/001715.jpg
83,data/standardized_jpg/vqdm/train/nature/001207.jpg|data/standardized_jpg/vqdm/train/ai/001516.jpg|data/standardized_jpg/vqdm/train/ai/001187.jpg|data/standardized_jpg/vqdm/train/ai/001552.jpg|data/standardized_jpg/vqdm/train/ai/000824.jpg|data/standardized_jpg/vqdm/val/ai/000266.jpg
84,data/standardized_jpg/vqdm/train/nature/000858.jpg|data/standardized_jpg/vqdm/train/ai/001997.jpg
85,data/standardized_jpg/vqdm/train/nature/001777.jpg|data/standardized_jpg/vqdm/train/ai/001296.jpg
86,data/standardized_jpg/vqdm/train/nature/001763.jpg|data/standardized_jpg/vqdm/train/nature/001733.jpg|data/standardized_jpg/vqdm/train/ai/001502.jpg|data/standardized_jpg/vqdm/train/ai/001369.jpg|data/standardized_jpg/vqdm/val/ai/000239.jpg
87,data/standardized_jpg/vqdm/train/nature/001603.jpg|data/standardized_jpg/vqdm/train/ai/001041.jpg
88,data/standardized_jpg/vqdm/train/nature/001165.jpg|data/standardized_jpg/vqdm/train/nature/001769.jpg|data/standardized_jpg/vqdm/train/nature/001118.jpg|data/standardized_jpg/vqdm/train/nature/001243.jpg|data/standardized_jpg/vqdm/train/ai/001577.jpg|data/standardized_jpg/vqdm/train/ai/001361.jpg|data/standardized_jpg/vqdm/train/ai/001770.jpg|data/standardized_jpg/vqdm/train/ai/000875.jpg|data/standardized_jpg/vqdm/train/ai/001481.jpg|data/standardized_jpg/vqdm/train/ai/001478.jpg|data/standardized_jpg/vqdm/train/ai/001242.jpg|data/standardized_jpg/vqdm/train/ai/000981.jpg|data/standardized_jpg/vqdm/train/ai/001731.jpg|data/standardized_jpg/vqdm/train/ai/000413.jpg|data/standardized_jpg/vqdm/val/nature/000358.jpg|data/standardized_jpg/vqdm/val/ai/000044.jpg
89,data/standardized_jpg/vqdm/train/nature/000290.jpg|data/standardized_jpg/vqdm/train/nature/000312.jpg|data/standardized_jpg/vqdm/train/ai/000872.jpg|data/standardized_jpg/vqdm/train/ai/001018.jpg
90,data/standardized_jpg/vqdm/train/nature/001830.jpg|data/standardized_jpg/vqdm/train/nature/000084.jpg|data/standardized_jpg/vqdm/train/nature/001836.jpg|data/standardized_jpg/vqdm/train/nature/000916.jpg|data/standardized_jpg/vqdm/train/nature/000323.jpg|data/standardized_jpg/vqdm/train/nature/001384.jpg|data/standardized_jpg/vqdm/train/nature/000891.jpg|data/standardized_jpg/vqdm/train/nature/001027.jpg|data/standardized_jpg/vqdm/train/nature/001423.jpg|data/standardized_jpg/vqdm/train/nature/001962.jpg|data/standardized_jpg/vqdm/train/nature/001948.jpg|data/standardized_jpg/vqdm/train/nature/001343.jpg|data/standardized_jpg/vqdm/train/nature/000869.jpg|data/standardized_jpg/vqdm/train/nature/001250.jpg|data/standardized_jpg/vqdm/train/nature/000158.jpg|data/standardized_jpg/vqdm/train/ai/001106.jpg|data/standardized_jpg/vqdm/train/ai/001310.jpg|data/standardized_jpg/vqdm/train/ai/000026.jpg|data/standardized_jpg/vqdm/train/ai/000999.jpg|data/standardized_jpg/vqdm/train/ai/001701.jpg|data/standardized_jpg/vqdm/train/ai/001893.jpg|data/standardized_jpg/vqdm/train/ai/001688.jpg|data/standardized_jpg/vqdm/train/ai/001449.jpg|data/standardized_jpg/vqdm/train/ai/000232.jpg|data/standardized_jpg/vqdm/train/ai/000434.jpg|data/standardized_jpg/vqdm/train/ai/001115.jpg|data/standardized_jpg/vqdm/train/ai/000800.jpg|data/standardized_jpg/vqdm/train/ai/001511.jpg|data/standardized_jpg/vqdm/train/ai/001659.jpg|data/standardized_jpg/vqdm/train/ai/001300.jpg|data/standardized_jpg/vqdm/train/ai/001165.jpg|data/standardized_jpg/vqdm/train/ai/000278.jpg|data/standardized_jpg/vqdm/train/ai/000889.jpg|data/standardized_jpg/vqdm/train/ai/000679.jpg|data/standardized_jpg/vqdm/train/ai/001638.jpg|data/standardized_jpg/vqdm/train/ai/001957.jpg|data/standardized_jpg/vqdm/train/ai/000693.jpg|data/standardized_jpg/vqdm/train/ai/001566.jpg|data/standardized_jpg/vqdm/train/ai/001766.jpg|data/standardized_jpg/vqdm/train/ai/001968.jpg|data/standardized_jpg/vqdm/train/ai/000271.jpg|data/standardized_jpg/vqdm/train/ai/001620.jpg|data/standardized_jpg/vqdm/train/ai/001768.jpg|data/standardized_jpg/vqdm/train/ai/001220.jpg|data/standardized_jpg/vqdm/train/ai/001340.jpg|data/standardized_jpg/vqdm/train/ai/000275.jpg|data/standardized_jpg/vqdm/train/ai/001627.jpg|data/standardized_jpg/vqdm/train/ai/001430.jpg|data/standardized_jpg/vqdm/train/ai/001154.jpg|data/standardized_jpg/vqdm/train/ai/001949.jpg|data/standardized_jpg/vqdm/train/ai/001709.jpg|data/standardized_jpg/vqdm/train/ai/000563.jpg|data/standardized_jpg/vqdm/train/ai/001443.jpg|data/standardized_jpg/vqdm/train/ai/000006.jpg|data/standardized_jpg/vqdm/train/ai/001640.jpg|data/standardized_jpg/vqdm/train/ai/001085.jpg|data/standardized_jpg/vqdm/train/ai/001244.jpg|data/standardized_jpg/vqdm/train/ai/001939.jpg|data/standardized_jpg/vqdm/train/ai/001727.jpg|data/standardized_jpg/vqdm/train/ai/001647.jpg|data/standardized_jpg/vqdm/train/ai/001486.jpg|data/standardized_jpg/vqdm/train/ai/000202.jpg|data/standardized_jpg/vqdm/train/ai/000570.jpg|data/standardized_jpg/vqdm/train/ai/001268.jpg|data/standardized_jpg/vqdm/train/ai/000837.jpg|data/standardized_jpg/vqdm/train/ai/000823.jpg|data/standardized_jpg/vqdm/train/ai/001081.jpg|data/standardized_jpg/vqdm/train/ai/001308.jpg|data/standardized_jpg/vqdm/train/ai/000567.jpg|data/standardized_jpg/vqdm/train/ai/001916.jpg|data/standardized_jpg/vqdm/val/nature/000025.jpg|data/standardized_jpg/vqdm/val/nature/000091.jpg|data/standardized_jpg/vqdm/val/nature/000171.jpg|data/standardized_jpg/vqdm/val/nature/000405.jpg|data/standardized_jpg/vqdm/val/ai/000347.jpg|data/standardized_jpg/vqdm/val/ai/000343.jpg|data/standardized_jpg/vqdm/val/ai/000341.jpg|data/standardized_jpg/vqdm/val/ai/000241.jpg|data/standardized_jpg/vqdm/val/ai/000065.jpg|data/standardized_jpg/vqdm/val/ai/000271.jpg|data/standardized_jpg/vqdm/val/ai/000489.jpg|data/standardized_jpg/vqdm/val/ai/000472.jpg|data/standardized_jpg/vqdm/val/ai/000303.jpg
91,data/standardized_jpg/vqdm/train/nature/001429.jpg|data/standardized_jpg/vqdm/train/nature/001781.jpg|data/standardized_jpg/vqdm/train/ai/001795.jpg|data/standardized_jpg/vqdm/val/nature/000299.jpg|data/standardized_jpg/vqdm/val/ai/000443.jpg
92,data/standardized_jpg/vqdm/train/nature/000086.jpg|data/standardized_jpg/vqdm/val/ai/000104.jpg
93,data/standardized_jpg/vqdm/train/nature/001398.jpg|data/standardized_jpg/vqdm/train/ai/000101.jpg
94,data/standardized_jpg/vqdm/train/nature/000911.jpg|data/standardized_jpg/vqdm/train/nature/000160.jpg|data/standardized_jpg/vqdm/val/nature/000106.jpg|data/standardized_jpg/vqdm/val/ai/000270.jpg
95,data/standardized_jpg/vqdm/train/nature/001831.jpg|data/standardized_jpg/vqdm/train/ai/000700.jpg
96,data/standardized_jpg/vqdm/train/nature/001170.jpg|data/standardized_jpg/vqdm/train/ai/001203.jpg
97,data/standardized_jpg/vqdm/train/nature/001616.jpg|data/standardized_jpg/vqdm/train/nature/000058.jpg|data/standardized_jpg/vqdm/train/ai/001694.jpg
98,data/standardized_jpg/vqdm/train/nature/001602.jpg|data/standardized_jpg/vqdm/train/ai/001488.jpg
99,data/standardized_jpg/vqdm/train/nature/001038.jpg|data/standardized_jpg/vqdm/train/nature/000279.jpg|data/standardized_jpg/vqdm/train/ai/001339.jpg
100,data/standardized_jpg/vqdm/train/nature/001574.jpg|data/standardized_jpg/vqdm/train/ai/000612.jpg
101,data/standardized_jpg/vqdm/train/nature/000668.jpg|data/standardized_jpg/vqdm/train/ai/001342.jpg|data/standardized_jpg/vqdm/val/ai/000090.jpg
102,data/standardized_jpg/vqdm/train/nature/000697.jpg|data/standardized_jpg/vqdm/train/nature/001550.jpg
103,data/standardized_jpg/vqdm/train/nature/000318.jpg|data/standardized_jpg/vqdm/train/ai/001402.jpg|data/standardized_jpg/vqdm/train/ai/001357.jpg
104,data/standardized_jpg/vqdm/train/nature/000442.jpg|data/standardized_jpg/vqdm/train/ai/000684.jpg|data/standardized_jpg/vqdm/train/ai/000671.jpg
105,data/standardized_jpg/vqdm/train/nature/000324.jpg|data/standardized_jpg/vqdm/train/ai/001732.jpg
106,data/standardized_jpg/vqdm/train/nature/001953.jpg|data/standardized_jpg/vqdm/train/nature/001531.jpg|data/standardized_jpg/vqdm/train/ai/001074.jpg|data/standardized_jpg/vqdm/train/ai/001829.jpg|data/standardized_jpg/vqdm/val/ai/000426.jpg
107,data/standardized_jpg/vqdm/train/nature/000278.jpg|data/standardized_jpg/vqdm/train/ai/000569.jpg
108,data/standardized_jpg/vqdm/train/nature/001827.jpg|data/standardized_jpg/vqdm/train/ai/000223.jpg
109,data/standardized_jpg/vqdm/train/nature/000734.jpg|data/standardized_jpg/vqdm/val/ai/000155.jpg|data/standardized_jpg/vqdm/val/ai/000455.jpg|data/standardized_jpg/vqdm/val/ai/000451.jpg
110,data/standardized_jpg/vqdm/train/nature/000046.jpg|data/standardized_jpg/vqdm/train/ai/000346.jpg|data/standardized_jpg/vqdm/train/ai/000306.jpg|data/standardized_jpg/vqdm/train/ai/000564.jpg
111,data/standardized_jpg/vqdm/train/nature/000091.jpg|data/standardized_jpg/vqdm/train/nature/000043.jpg|data/standardized_jpg/vqdm/train/ai/000719.jpg
112,data/standardized_jpg/vqdm/train/nature/000047.jpg|data/standardized_jpg/vqdm/train/nature/000005.jpg|data/standardized_jpg/vqdm/train/ai/000775.jpg
113,data/standardized_jpg/vqdm/train/nature/001403.jpg|data/standardized_jpg/vqdm/train/ai/001364.jpg
114,data/standardized_jpg/vqdm/train/nature/001371.jpg|data/standardized_jpg/vqdm/train/nature/000076.jpg|data/standardized_jpg/vqdm/train/ai/000517.jpg|data/standardized_jpg/vqdm/train/ai/000288.jpg
115,data/standardized_jpg/vqdm/train/nature/000537.jpg|data/standardized_jpg/vqdm/train/ai/001861.jpg
116,data/standardized_jpg/vqdm/train/nature/000682.jpg|data/standardized_jpg/vqdm/train/nature/000930.jpg|data/standardized_jpg/vqdm/train/nature/001154.jpg|data/standardized_jpg/vqdm/train/nature/001090.jpg|data/standardized_jpg/vqdm/train/nature/000982.jpg|data/standardized_jpg/vqdm/train/nature/000772.jpg|data/standardized_jpg/vqdm/train/ai/001660.jpg|data/standardized_jpg/vqdm/train/ai/001661.jpg|data/standardized_jpg/vqdm/train/ai/000353.jpg|data/standardized_jpg/vqdm/train/ai/001937.jpg|data/standardized_jpg/vqdm/train/ai/000494.jpg|data/standardized_jpg/vqdm/train/ai/000655.jpg|data/standardized_jpg/vqdm/train/ai/000692.jpg|data/standardized_jpg/vqdm/train/ai/000876.jpg|data/standardized_jpg/vqdm/train/ai/001742.jpg|data/standardized_jpg/vqdm/train/ai/001817.jpg|data/standardized_jpg/vqdm/train/ai/000473.jpg|data/standardized_jpg/vqdm/train/ai/001169.jpg|data/standardized_jpg/vqdm/train/ai/001626.jpg|data/standardized_jpg/vqdm/train/ai/001520.jpg|data/standardized_jpg/vqdm/train/ai/001109.jpg|data/standardized_jpg/vqdm/train/ai/001295.jpg|data/standardized_jpg/vqdm/val/ai/000076.jpg|data/standardized_jpg/vqdm/val/ai/000400.jpg
117,data/standardized_jpg/vqdm/train/nature/001239.jpg|data/standardized_jpg/vqdm/train/ai/000782.jpg|data/standardized_jpg/vqdm/train/ai/001561.jpg
118,data/standardized_jpg/vqdm/train/nature/001577.jpg|data/standardized_jpg/vqdm/train/ai/001895.jpg|data/standardized_jpg/vqdm/train/ai/000068.jpg
119,data/standardized_jpg/vqdm/train/nature/000123.jpg|data/standardized_jpg/vqdm/train/ai/000426.jpg|data/standardized_jpg/vqdm/train/ai/000084.jpg|data/standardized_jpg/vqdm/train/ai/001079.jpg
120,data/standardized_jpg/vqdm/train/nature/000137.jpg|data/standardized_jpg/vqdm/train/ai/000674.jpg
121,data/standardized_jpg/vqdm/train/nature/001981.jpg|data/standardized_jpg/vqdm/train/nature/000527.jpg|data/standardized_jpg/vqdm/train/nature/000969.jpg|data/standardized_jpg/vqdm/train/ai/001728.jpg|data/standardized_jpg/vqdm/train/ai/001117.jpg|data/standardized_jpg/vqdm/train/ai/000845.jpg|data/standardized_jpg/vqdm/val/ai/000425.jpg|data/standardized_jpg/vqdm/val/ai/000364.jpg
122,data/standardized_jpg/vqdm/train/nature/001017.jpg|data/standardized_jpg/vqdm/train/ai/000352.jpg
123,data/standardized_jpg/vqdm/train/nature/001942.jpg|data/standardized_jpg/vqdm/train/nature/000410.jpg|data/standardized_jpg/vqdm/train/ai/000238.jpg|data/standardized_jpg/vqdm/val/ai/000273.jpg|data/standardized_jpg/vqdm/val/ai/000167.jpg
124,data/standardized_jpg/vqdm/train/nature/001177.jpg|data/standardized_jpg/vqdm/train/nature/001392.jpg
125,data/standardized_jpg/vqdm/train/nature/001605.jpg|data/standardized_jpg/vqdm/train/ai/000985.jpg
126,data/standardized_jpg/vqdm/train/nature/001375.jpg|data/standardized_jpg/vqdm/train/ai/000951.jpg|data/standardized_jpg/vqdm/val/ai/000476.jpg
127,data/standardized_jpg/vqdm/train/nature/000903.jpg|data/standardized_jpg/vqdm/train/ai/000113.jpg
128,data/standardized_jpg/vqdm/train/nature/001374.jpg|data/standardized_jpg/vqdm/train/nature/000730.jpg
129,data/standardized_jpg/vqdm/train/nature/001176.jpg|data/standardized_jpg/vqdm/train/ai/001329.jpg
130,data/standardized_jpg/vqdm/train/nature/000485.jpg|data/standardized_jpg/vqdm/val/nature/000209.jpg
131,data/standardized_jpg/vqdm/train/nature/001764.jpg|data/standardized_jpg/vqdm/train/nature/000013.jpg
132,data/standardized_jpg/vqdm/train/nature/001994.jpg|data/standardized_jpg/vqdm/train/ai/000716.jpg
133,data/standardized_jpg/vqdm/train/nature/001572.jpg|data/standardized_jpg/vqdm/train/nature/001241.jpg
134,data/standardized_jpg/vqdm/train/nature/001570.jpg|data/standardized_jpg/vqdm/train/ai/000228.jpg
135,data/standardized_jpg/vqdm/train/nature/001799.jpg|data/standardized_jpg/vqdm/train/nature/001085.jpg|data/standardized_jpg/vqdm/train/ai/001353.jpg|data/standardized_jpg/vqdm/val/ai/000440.jpg
136,data/standardized_jpg/vqdm/train/nature/000295.jpg|data/standardized_jpg/vqdm/train/ai/001581.jpg
137,data/standardized_jpg/vqdm/train/nature/000068.jpg|data/standardized_jpg/vqdm/train/nature/000416.jpg|data/standardized_jpg/vqdm/train/ai/001248.jpg|data/standardized_jpg/vqdm/train/ai/000282.jpg|data/standardized_jpg/vqdm/train/ai/000171.jpg
138,data/standardized_jpg/vqdm/train/nature/001389.jpg|data/standardized_jpg/vqdm/train/nature/000238.jpg
139,data/standardized_jpg/vqdm/train/nature/000915.jpg|data/standardized_jpg/vqdm/train/nature/001814.jpg
140,data/standardized_jpg/vqdm/train/nature/000928.jpg|data/standardized_jpg/vqdm/train/nature/000892.jpg|data/standardized_jpg/vqdm/train/nature/001742.jpg
141,data/standardized_jpg/vqdm/train/nature/001411.jpg|data/standardized_jpg/vqdm/train/ai/001281.jpg
142,data/standardized_jpg/vqdm/train/nature/000733.jpg|data/standardized_jpg/vqdm/train/ai/001168.jpg
143,data/standardized_jpg/vqdm/train/nature/000257.jpg|data/standardized_jpg/vqdm/train/ai/000997.jpg
144,data/standardized_jpg/vqdm/train/nature/001954.jpg|data/standardized_jpg/vqdm/train/nature/001810.jpg|data/standardized_jpg/vqdm/train/nature/000895.jpg|data/standardized_jpg/vqdm/train/nature/000011.jpg|data/standardized_jpg/vqdm/train/ai/000383.jpg|data/standardized_jpg/vqdm/train/ai/000004.jpg|data/standardized_jpg/vqdm/val/ai/000107.jpg|data/standardized_jpg/vqdm/val/ai/000106.jpg
145,data/standardized_jpg/vqdm/train/nature/001001.jpg|data/standardized_jpg/vqdm/train/ai/000856.jpg
146,data/standardized_jpg/vqdm/train/nature/001983.jpg|data/standardized_jpg/vqdm/train/ai/000218.jpg
147,data/standardized_jpg/vqdm/train/nature/000451.jpg|data/standardized_jpg/vqdm/train/nature/001069.jpg|data/standardized_jpg/vqdm/train/ai/000430.jpg|data/standardized_jpg/vqdm/train/ai/001011.jpg|data/standardized_jpg/vqdm/train/ai/000057.jpg|data/standardized_jpg/vqdm/train/ai/001807.jpg|data/standardized_jpg/vqdm/train/ai/001591.jpg|data/standardized_jpg/vqdm/train/ai/001537.jpg|data/standardized_jpg/vqdm/train/ai/001127.jpg|data/standardized_jpg/vqdm/train/ai/000174.jpg|data/standardized_jpg/vqdm/train/ai/001917.jpg|data/standardized_jpg/vqdm/val/nature/000375.jpg
148,data/standardized_jpg/vqdm/train/nature/000121.jpg|data/standardized_jpg/vqdm/val/nature/000294.jpg
149,data/standardized_jpg/vqdm/train/nature/000851.jpg|data/standardized_jpg/vqdm/train/ai/000516.jpg
150,data/standardized_jpg/vqdm/train/nature/001018.jpg|data/standardized_jpg/vqdm/train/ai/001514.jpg|data/standardized_jpg/vqdm/train/ai/001920.jpg|data/standardized_jpg/vqdm/train/ai/000992.jpg
151,data/standardized_jpg/vqdm/train/nature/001187.jpg|data/standardized_jpg/vqdm/train/nature/001186.jpg|data/standardized_jpg/vqdm/train/ai/001562.jpg|data/standardized_jpg/vqdm/train/ai/000444.jpg|data/standardized_jpg/vqdm/train/ai/000844.jpg|data/standardized_jpg/vqdm/train/ai/001141.jpg|data/standardized_jpg/vqdm/train/ai/001324.jpg|data/standardized_jpg/vqdm/val/nature/000394.jpg|data/standardized_jpg/vqdm/val/nature/000490.jpg|data/standardized_jpg/vqdm/val/ai/000353.jpg|data/standardized_jpg/vqdm/val/ai/000174.jpg
152,data/standardized_jpg/vqdm/train/nature/001390.jpg|data/standardized_jpg/vqdm/train/nature/000788.jpg
153,data/standardized_jpg/vqdm/train/nature/001192.jpg|data/standardized_jpg/vqdm/train/ai/000357.jpg|data/standardized_jpg/vqdm/train/ai/000537.jpg|data/standardized_jpg/vqdm/train/ai/000577.jpg|data/standardized_jpg/vqdm/train/ai/001521.jpg
154,data/standardized_jpg/vqdm/train/nature/000273.jpg|data/standardized_jpg/vqdm/val/ai/000093.jpg
155,data/standardized_jpg/vqdm/train/nature/001145.jpg|data/standardized_jpg/vqdm/train/ai/001926.jpg|data/standardized_jpg/vqdm/val/nature/000468.jpg
156,data/standardized_jpg/vqdm/train/nature/000449.jpg|data/standardized_jpg/vqdm/train/ai/001409.jpg
157,data/standardized_jpg/vqdm/train/nature/001569.jpg|data/standardized_jpg/vqdm/train/ai/000224.jpg
158,data/standardized_jpg/vqdm/train/nature/000885.jpg|data/standardized_jpg/vqdm/train/ai/000798.jpg
159,data/standardized_jpg/vqdm/train/nature/001972.jpg|data/standardized_jpg/vqdm/train/nature/001652.jpg|data/standardized_jpg/vqdm/train/ai/001725.jpg|data/standardized_jpg/vqdm/val/nature/000311.jpg|data/standardized_jpg/vqdm/val/nature/000498.jpg|data/standardized_jpg/vqdm/val/ai/000338.jpg
160,data/standardized_jpg/vqdm/train/nature/001184.jpg|data/standardized_jpg/vqdm/train/ai/000596.jpg|data/standardized_jpg/vqdm/train/ai/001780.jpg
161,data/standardized_jpg/vqdm/train/nature/001379.jpg|data/standardized_jpg/vqdm/train/ai/001464.jpg|data/standardized_jpg/vqdm/train/ai/001943.jpg|data/standardized_jpg/vqdm/train/ai/000054.jpg|data/standardized_jpg/vqdm/train/ai/001618.jpg|data/standardized_jpg/vqdm/train/ai/000075.jpg|data/standardized_jpg/vqdm/val/ai/000249.jpg
162,data/standardized_jpg/vqdm/train/nature/000927.jpg|data/standardized_jpg/vqdm/train/nature/001108.jpg|data/standardized_jpg/vqdm/train/ai/001056.jpg|data/standardized_jpg/vqdm/val/nature/000118.jpg
163,data/standardized_jpg/vqdm/train/nature/000072.jpg|data/standardized_jpg/vqdm/train/ai/000672.jpg
164,data/standardized_jpg/vqdm/train/nature/000728.jpg|data/standardized_jpg/vqdm/train/ai/000438.jpg
165,data/standardized_jpg/vqdm/train/nature/001146.jpg|data/standardized_jpg/vqdm/train/ai/000970.jpg
166,data/standardized_jpg/vqdm/train/nature/001967.jpg|data/standardized_jpg/vqdm/train/ai/001372.jpg|data/standardized_jpg/vqdm/train/ai/000851.jpg|data/standardized_jpg/vqdm/train/ai/000878.jpg
167,data/standardized_jpg/vqdm/train/nature/000310.jpg|data/standardized_jpg/vqdm/train/ai/001689.jpg|data/standardized_jpg/vqdm/train/ai/000078.jpg|data/standardized_jpg/vqdm/train/ai/000211.jpg|data/standardized_jpg/vqdm/val/nature/000114.jpg|data/standardized_jpg/vqdm/val/ai/000246.jpg|data/standardized_jpg/vqdm/val/ai/000324.jpg|data/standardized_jpg/vqdm/val/ai/000485.jpg
168,data/standardized_jpg/vqdm/train/nature/001754.jpg|data/standardized_jpg/vqdm/train/ai/001818.jpg
169,data/standardized_jpg/vqdm/train/nature/000847.jpg|data/standardized_jpg/vqdm/train/nature/001292.jpg|data/standardized_jpg/vqdm/train/nature/001457.jpg|data/standardized_jpg/vqdm/train/ai/000182.jpg|data/standardized_jpg/vqdm/train/ai/001499.jpg|data/standardized_jpg/vqdm/train/ai/000269.jpg|data/standardized_jpg/vqdm/val/ai/000349.jpg
170,data/standardized_jpg/vqdm/train/nature/000674.jpg|data/standardized_jpg/vqdm/train/ai/001951.jpg|data/standardized_jpg/vqdm/val/nature/000197.jpg|data/standardized_jpg/vqdm/val/nature/000163.jpg|data/standardized_jpg/vqdm/val/ai/000145.jpg|data/standardized_jpg/vqdm/val/ai/000403.jpg
171,data/standardized_jpg/vqdm/train/nature/001230.jpg|data/standardized_jpg/vqdm/train/ai/001163.jpg
172,data/standardized_jpg/vqdm/train/nature/000880.jpg|data/standardized_jpg/vqdm/val/ai/000305.jpg
173,data/standardized_jpg/vqdm/train/nature/000857.jpg|data/standardized_jpg/vqdm/train/nature/000672.jpg|data/standardized_jpg/vqdm/val/ai/000128.jpg
174,data/standardized_jpg/vqdm/train/nature/001156.jpg|data/standardized_jpg/vqdm/train/ai/000911.jpg|data/standardized_jpg/vqdm/train/ai/001798.jpg
175,data/standardized_jpg/vqdm/train/nature/001368.jpg|data/standardized_jpg/vqdm/train/ai/001199.jpg
176,data/standardized_jpg/vqdm/train/nature/000062.jpg|data/standardized_jpg/vqdm/train/ai/001019.jpg|data/standardized_jpg/vqdm/train/ai/001027.jpg|data/standardized_jpg/vqdm/train/ai/001480.jpg|data/standardized_jpg/vqdm/train/ai/001690.jpg|data/standardized_jpg/vqdm/val/ai/000276.jpg
177,data/standardized_jpg/vqdm/train/nature/001194.jpg|data/standardized_jpg/vqdm/train/ai/001503.jpg|data/standardized_jpg/vqdm/train/ai/001811.jpg|data/standardized_jpg/vqdm/train/ai/001355.jpg|data/standardized_jpg/vqdm/val/ai/000025.jpg|data/standardized_jpg/vqdm/val/ai/000050.jpg
178,data/standardized_jpg/vqdm/train/nature/001792.jpg|data/standardized_jpg/vqdm/train/nature/001121.jpg|data/standardized_jpg/vqdm/val/ai/000074.jpg
179,data/standardized_jpg/vqdm/train/nature/001023.jpg|data/standardized_jpg/vqdm/train/ai/001734.jpg|data/standardized_jpg/vqdm/val/ai/000195.jpg
180,data/standardized_jpg/vqdm/train/nature/000301.jpg|data/standardized_jpg/vqdm/train/ai/001940.jpg|data/standardized_jpg/vqdm/val/ai/000063.jpg
181,data/standardized_jpg/vqdm/train/nature/001235.jpg|data/standardized_jpg/vqdm/train/ai/001263.jpg|data/standardized_jpg/vqdm/train/ai/001658.jpg
182,data/standardized_jpg/vqdm/train/nature/000115.jpg|data/standardized_jpg/vqdm/train/nature/001441.jpg
183,data/standardized_jpg/vqdm/train/nature/001579.jpg|data/standardized_jpg/vqdm/train/ai/001223.jpg|data/standardized_jpg/vqdm/train/ai/001867.jpg
184,data/standardized_jpg/vqdm/train/nature/001237.jpg|data/standardized_jpg/vqdm/train/ai/001839.jpg
185,data/standardized_jpg/vqdm/train/nature/000698.jpg|data/standardized_jpg/vqdm/train/ai/001335.jpg
186,data/standardized_jpg/vqdm/train/nature/001828.jpg|data/standardized_jpg/vqdm/train/nature/000764.jpg
187,data/standardized_jpg/vqdm/train/nature/001357.jpg|data/standardized_jpg/vqdm/train/ai/000771.jpg
188,data/standardized_jpg/vqdm/train/nature/001380.jpg|data/standardized_jpg/vqdm/train/nature/000577.jpg
189,data/standardized_jpg/vqdm/train/nature/001356.jpg|data/standardized_jpg/vqdm/val/ai/000225.jpg
190,data/standardized_jpg/vqdm/train/nature/001342.jpg|data/standardized_jpg/vqdm/val/ai/000430.jpg
191,data/standardized_jpg/vqdm/train/nature/001801.jpg|data/standardized_jpg/vqdm/train/nature/001492.jpg
192,data/standardized_jpg/vqdm/train/nature/000510.jpg|data/standardized_jpg/vqdm/train/nature/000389.jpg
193,data/standardized_jpg/vqdm/train/nature/000262.jpg|data/standardized_jpg/vqdm/train/ai/001696.jpg
194,data/standardized_jpg/vqdm/train/nature/001975.jpg|data/standardized_jpg/vqdm/train/nature/001053.jpg|data/standardized_jpg/vqdm/train/ai/000926.jpg|data/standardized_jpg/vqdm/val/nature/000452.jpg
195,data/standardized_jpg/vqdm/train/nature/001020.jpg|data/standardized_jpg/vqdm/train/ai/001908.jpg
196,data/standardized_jpg/vqdm/train/nature/000173.jpg|data/standardized_jpg/vqdm/val/ai/000026.jpg
197,data/standardized_jpg/vqdm/train/nature/000826.jpg|data/standardized_jpg/vqdm/train/nature/001041.jpg|data/standardized_jpg/vqdm/val/ai/000307.jpg
198,data/standardized_jpg/vqdm/train/nature/001084.jpg|data/standardized_jpg/vqdm/train/ai/000529.jpg|data/standardized_jpg/vqdm/val/ai/000486.jpg
199,data/standardized_jpg/vqdm/train/nature/001127.jpg|data/standardized_jpg/vqdm/train/nature/001495.jpg
200,data/standardized_jpg/vqdm/train/nature/001872.jpg|data/standardized_jpg/vqdm/train/ai/001204.jpg|data/standardized_jpg/vqdm/val/nature/000241.jpg|data/standardized_jpg/vqdm/val/ai/000434.jpg
201,data/standardized_jpg/vqdm/train/nature/000946.jpg|data/standardized_jpg/vqdm/train/ai/001953.jpg
202,data/standardized_jpg/vqdm/train/nature/000947.jpg|data/standardized_jpg/vqdm/train/ai/001846.jpg
203,data/standardized_jpg/vqdm/train/nature/000760.jpg|data/standardized_jpg/vqdm/train/ai/000256.jpg|data/standardized_jpg/vqdm/train/ai/000249.jpg
204,data/standardized_jpg/vqdm/train/nature/001318.jpg|data/standardized_jpg/vqdm/train/ai/000830.jpg
205,data/standardized_jpg/vqdm/train/nature/000990.jpg|data/standardized_jpg/vqdm/train/ai/000645.jpg
206,data/standardized_jpg/vqdm/train/nature/001654.jpg|data/standardized_jpg/vqdm/train/ai/001677.jpg
207,data/standardized_jpg/vqdm/train/nature/001126.jpg|data/standardized_jpg/vqdm/train/ai/000121.jpg
208,data/standardized_jpg/vqdm/train/nature/001720.jpg|data/standardized_jpg/vqdm/train/ai/001616.jpg|data/standardized_jpg/vqdm/train/ai/001523.jpg|data/standardized_jpg/vqdm/val/nature/000455.jpg|data/standardized_jpg/vqdm/val/ai/000022.jpg
209,data/standardized_jpg/vqdm/train/nature/001052.jpg|data/standardized_jpg/vqdm/val/nature/000094.jpg|data/standardized_jpg/vqdm/val/ai/000183.jpg
210,data/standardized_jpg/vqdm/train/nature/001278.jpg|data/standardized_jpg/vqdm/train/ai/000081.jpg
211,data/standardized_jpg/vqdm/train/nature/000614.jpg|data/standardized_jpg/vqdm/train/ai/000589.jpg
212,data/standardized_jpg/vqdm/train/nature/001522.jpg|data/standardized_jpg/vqdm/val/ai/000340.jpg
213,data/standardized_jpg/vqdm/train/nature/000366.jpg|data/standardized_jpg/vqdm/train/nature/001487.jpg
214,data/standardized_jpg/vqdm/train/nature/000945.jpg|data/standardized_jpg/vqdm/train/ai/000924.jpg
215,data/standardized_jpg/vqdm/train/nature/000978.jpg|data/standardized_jpg/vqdm/train/ai/001528.jpg|data/standardized_jpg/vqdm/train/ai/001209.jpg
216,data/standardized_jpg/vqdm/train/nature/001680.jpg|data/standardized_jpg/vqdm/train/ai/000863.jpg
217,data/standardized_jpg/vqdm/train/nature/001723.jpg|data/standardized_jpg/vqdm/train/ai/001235.jpg
218,data/standardized_jpg/vqdm/train/nature/000171.jpg|data/standardized_jpg/vqdm/train/ai/000181.jpg|data/standardized_jpg/vqdm/train/ai/000489.jpg|data/standardized_jpg/vqdm/train/ai/000089.jpg|data/standardized_jpg/vqdm/val/nature/000044.jpg|data/standardized_jpg/vqdm/val/ai/000014.jpg
219,data/standardized_jpg/vqdm/train/nature/001247.jpg|data/standardized_jpg/vqdm/train/ai/000749.jpg
220,data/standardized_jpg/vqdm/train/nature/000808.jpg|data/standardized_jpg/vqdm/train/ai/000257.jpg
221,data/standardized_jpg/vqdm/train/nature/000834.jpg|data/standardized_jpg/vqdm/train/ai/000847.jpg
222,data/standardized_jpg/vqdm/train/nature/001082.jpg|data/standardized_jpg/vqdm/train/ai/001354.jpg|data/standardized_jpg/vqdm/val/ai/000235.jpg
223,data/standardized_jpg/vqdm/train/nature/000217.jpg|data/standardized_jpg/vqdm/train/ai/001799.jpg
224,data/standardized_jpg/vqdm/train/nature/001109.jpg|data/standardized_jpg/vqdm/val/nature/000380.jpg|data/standardized_jpg/vqdm/val/nature/000312.jpg
225,data/standardized_jpg/vqdm/train/nature/001860.jpg|data/standardized_jpg/vqdm/train/ai/001062.jpg|data/standardized_jpg/vqdm/train/ai/000920.jpg|data/standardized_jpg/vqdm/train/ai/001257.jpg
226,data/standardized_jpg/vqdm/train/nature/001337.jpg|data/standardized_jpg/vqdm/train/ai/000195.jpg
227,data/standardized_jpg/vqdm/train/nature/001451.jpg|data/standardized_jpg/vqdm/train/ai/001941.jpg|data/standardized_jpg/vqdm/val/nature/000278.jpg
228,data/standardized_jpg/vqdm/train/nature/000202.jpg|data/standardized_jpg/vqdm/train/ai/001483.jpg
229,data/standardized_jpg/vqdm/train/nature/000612.jpg|data/standardized_jpg/vqdm/train/nature/000836.jpg
230,data/standardized_jpg/vqdm/train/nature/001254.jpg|data/standardized_jpg/vqdm/val/nature/000381.jpg
231,data/standardized_jpg/vqdm/train/nature/000837.jpg|data/standardized_jpg/vqdm/val/nature/000120.jpg
232,data/standardized_jpg/vqdm/train/nature/001718.jpg|data/standardized_jpg/vqdm/train/ai/001758.jpg
233,data/standardized_jpg/vqdm/train/nature/001042.jpg|data/standardized_jpg/vqdm/train/ai/000071.jpg|data/standardized_jpg/vqdm/train/ai/000819.jpg
234,data/standardized_jpg/vqdm/train/nature/000214.jpg|data/standardized_jpg/vqdm/train/ai/000154.jpg
235,data/standardized_jpg/vqdm/train/nature/000572.jpg|data/standardized_jpg/vqdm/val/ai/000255.jpg
236,data/standardized_jpg/vqdm/train/nature/001693.jpg|data/standardized_jpg/vqdm/train/ai/001462.jpg
237,data/standardized_jpg/vqdm/train/nature/000994.jpg|data/standardized_jpg/vqdm/train/ai/001955.jpg
238,data/standardized_jpg/vqdm/train/nature/000942.jpg|data/standardized_jpg/vqdm/train/ai/001617.jpg
239,data/standardized_jpg/vqdm/train/nature/000995.jpg|data/standardized_jpg/vqdm/train/ai/001683.jpg
240,data/standardized_jpg/vqdm/train/nature/001453.jpg|data/standardized_jpg/vqdm/train/ai/000947.jpg|data/standardized_jpg/vqdm/train/ai/000201.jpg|data/standardized_jpg/vqdm/val/ai/000011.jpg
241,data/standardized_jpg/vqdm/train/nature/001686.jpg|data/standardized_jpg/vqdm/train/ai/000912.jpg|data/standardized_jpg/vqdm/train/ai/001863.jpg
242,data/standardized_jpg/vqdm/train/nature/000361.jpg|data/standardized_jpg/vqdm/train/ai/000079.jpg
243,data/standardized_jpg/vqdm/train/ai/000813.jpg|data/standardized_jpg/vqdm/train/ai/001427.jpg
244,data/standardized_jpg/vqdm/train/ai/001714.jpg|data/standardized_jpg/vqdm/train/ai/001914.jpg
245,data/standardized_jpg/vqdm/train/ai/000422.jpg|data/standardized_jpg/vqdm/train/ai/001906.jpg
246,data/standardized_jpg/vqdm/train/ai/000387.jpg|data/standardized_jpg/vqdm/train/ai/001739.jpg|data/standardized_jpg/vqdm/train/ai/001151.jpg|data/standardized_jpg/vqdm/val/nature/000267.jpg|data/standardized_jpg/vqdm/val/ai/000399.jpg
247,data/standardized_jpg/vqdm/train/ai/001890.jpg|data/standardized_jpg/vqdm/train/ai/000405.jpg
248,data/standardized_jpg/vqdm/train/ai/001304.jpg|data/standardized_jpg/vqdm/val/ai/000159.jpg
249,data/standardized_jpg/vqdm/train/ai/000797.jpg|data/standardized_jpg/vqdm/val/ai/000218.jpg
250,data/standardized_jpg/vqdm/train/ai/000033.jpg|data/standardized_jpg/vqdm/val/ai/000059.jpg
251,data/standardized_jpg/vqdm/train/ai/000594.jpg|data/standardized_jpg/vqdm/train/ai/001606.jpg
252,data/standardized_jpg/vqdm/train/ai/000580.jpg|data/standardized_jpg/vqdm/train/ai/000134.jpg|data/standardized_jpg/vqdm/train/ai/001794.jpg|data/standardized_jpg/vqdm/val/nature/000484.jpg
253,data/standardized_jpg/vqdm/train/ai/001891.jpg|data/standardized_jpg/vqdm/train/ai/001555.jpg|data/standardized_jpg/vqdm/val/ai/000346.jpg
254,data/standardized_jpg/vqdm/train/ai/001675.jpg|data/standardized_jpg/vqdm/val/ai/000488.jpg
255,data/standardized_jpg/vqdm/train/ai/001501.jpg|data/standardized_jpg/vqdm/train/ai/001608.jpg
256,data/standardized_jpg/vqdm/train/ai/001065.jpg|data/standardized_jpg/vqdm/train/ai/000849.jpg
257,data/standardized_jpg/vqdm/train/ai/001717.jpg|data/standardized_jpg/vqdm/train/ai/000052.jpg|data/standardized_jpg/vqdm/train/ai/001726.jpg|data/standardized_jpg/vqdm/val/nature/000056.jpg
258,data/standardized_jpg/vqdm/train/ai/000384.jpg|data/standardized_jpg/vqdm/train/ai/000065.jpg
259,data/standardized_jpg/vqdm/train/ai/001663.jpg|data/standardized_jpg/vqdm/train/ai/001525.jpg
260,data/standardized_jpg/vqdm/train/ai/000582.jpg|data/standardized_jpg/vqdm/train/ai/000525.jpg|data/standardized_jpg/vqdm/val/ai/000019.jpg
261,data/standardized_jpg/vqdm/train/ai/000756.jpg|data/standardized_jpg/vqdm/val/nature/000074.jpg
262,data/standardized_jpg/vqdm/train/ai/001460.jpg|data/standardized_jpg/vqdm/val/ai/000473.jpg
263,data/standardized_jpg/vqdm/train/ai/000583.jpg|data/standardized_jpg/vqdm/train/ai/000592.jpg|data/standardized_jpg/vqdm/train/ai/000127.jpg|data/standardized_jpg/vqdm/val/nature/000406.jpg
264,data/standardized_jpg/vqdm/train/ai/001845.jpg|data/standardized_jpg/vqdm/train/ai/000534.jpg
265,data/standardized_jpg/vqdm/train/ai/001138.jpg|data/standardized_jpg/vqdm/train/ai/001785.jpg|data/standardized_jpg/vqdm/train/ai/000574.jpg|data/standardized_jpg/vqdm/val/ai/000456.jpg
266,data/standardized_jpg/vqdm/train/ai/001104.jpg|data/standardized_jpg/vqdm/val/ai/000136.jpg|data/standardized_jpg/vqdm/val/ai/000113.jpg
267,data/standardized_jpg/vqdm/train/ai/001676.jpg|data/standardized_jpg/vqdm/train/ai/000208.jpg
268,data/standardized_jpg/vqdm/train/ai/001931.jpg|data/standardized_jpg/vqdm/train/ai/000622.jpg|data/standardized_jpg/vqdm/train/ai/001783.jpg
269,data/standardized_jpg/vqdm/train/ai/001925.jpg|data/standardized_jpg/vqdm/train/ai/000205.jpg
270,data/standardized_jpg/vqdm/train/ai/001500.jpg|data/standardized_jpg/vqdm/val/ai/000408.jpg
271,data/standardized_jpg/vqdm/train/ai/001262.jpg|data/standardized_jpg/vqdm/train/ai/001323.jpg
272,data/standardized_jpg/vqdm/train/ai/001060.jpg|data/standardized_jpg/vqdm/train/ai/000817.jpg|data/standardized_jpg/vqdm/train/ai/001697.jpg
273,data/standardized_jpg/vqdm/train/ai/000236.jpg|data/standardized_jpg/vqdm/val/nature/000425.jpg|data/standardized_jpg/vqdm/val/nature/000182.jpg
274,data/standardized_jpg/vqdm/train/ai/000544.jpg|data/standardized_jpg/vqdm/val/nature/000215.jpg
275,data/standardized_jpg/vqdm/train/ai/001666.jpg|data/standardized_jpg/vqdm/train/ai/000787.jpg|data/standardized_jpg/vqdm/train/ai/000789.jpg
276,data/standardized_jpg/vqdm/train/ai/001316.jpg|data/standardized_jpg/vqdm/val/ai/000272.jpg
277,data/standardized_jpg/vqdm/train/ai/001317.jpg|data/standardized_jpg/vqdm/train/ai/000321.jpg|data/standardized_jpg/vqdm/train/ai/001888.jpg
278,data/standardized_jpg/vqdm/train/ai/000431.jpg|data/standardized_jpg/vqdm/train/ai/001580.jpg
279,data/standardized_jpg/vqdm/train/ai/000425.jpg|data/standardized_jpg/vqdm/train/ai/000270.jpg
280,data/standardized_jpg/vqdm/train/ai/000169.jpg|data/standardized_jpg/vqdm/train/ai/000173.jpg
281,data/standardized_jpg/vqdm/train/ai/000619.jpg|data/standardized_jpg/vqdm/train/ai/000687.jpg
282,data/standardized_jpg/vqdm/train/ai/000355.jpg|data/standardized_jpg/vqdm/train/ai/000585.jpg
283,data/standardized_jpg/vqdm/train/ai/000427.jpg|data/standardized_jpg/vqdm/val/nature/000000.jpg
284,data/standardized_jpg/vqdm/train/ai/000382.jpg|data/standardized_jpg/vqdm/val/ai/000080.jpg
285,data/standardized_jpg/vqdm/train/ai/000989.jpg|data/standardized_jpg/vqdm/train/ai/001547.jpg
286,data/standardized_jpg/vqdm/train/ai/001473.jpg|data/standardized_jpg/vqdm/val/ai/000495.jpg
287,data/standardized_jpg/vqdm/train/ai/001498.jpg|data/standardized_jpg/vqdm/train/ai/001894.jpg|data/standardized_jpg/vqdm/train/ai/000432.jpg
288,data/standardized_jpg/vqdm/train/ai/000963.jpg|data/standardized_jpg/vqdm/train/ai/000690.jpg
289,data/standardized_jpg/vqdm/train/ai/001466.jpg|data/standardized_jpg/vqdm/val/ai/000089.jpg
290,data/standardized_jpg/vqdm/train/ai/000591.jpg|data/standardized_jpg/vqdm/train/ai/000040.jpg
291,data/standardized_jpg/vqdm/train/ai/001670.jpg|data/standardized_jpg/vqdm/train/ai/000523.jpg
292,data/standardized_jpg/vqdm/train/ai/001664.jpg|data/standardized_jpg/vqdm/train/ai/000899.jpg
293,data/standardized_jpg/vqdm/train/ai/000234.jpg|data/standardized_jpg/vqdm/train/ai/001171.jpg|data/standardized_jpg/vqdm/train/ai/001153.jpg
294,data/standardized_jpg/vqdm/train/ai/001923.jpg|data/standardized_jpg/vqdm/train/ai/001190.jpg|data/standardized_jpg/vqdm/train/ai/001424.jpg|data/standardized_jpg/vqdm/val/ai/000379.jpg|data/standardized_jpg/vqdm/val/ai/000295.jpg
295,data/standardized_jpg/vqdm/train/ai/000340.jpg|data/standardized_jpg/vqdm/val/nature/000245.jpg
296,data/standardized_jpg/vqdm/train/ai/001506.jpg|data/standardized_jpg/vqdm/train/ai/000456.jpg|data/standardized_jpg/vqdm/train/ai/000511.jpg
297,data/standardized_jpg/vqdm/train/ai/001512.jpg|data/standardized_jpg/vqdm/val/nature/000126.jpg
298,data/standardized_jpg/vqdm/train/ai/000870.jpg|data/standardized_jpg/vqdm/train/ai/001748.jpg|data/standardized_jpg/vqdm/train/ai/000777.jpg
299,data/standardized_jpg/vqdm/train/ai/000694.jpg|data/standardized_jpg/vqdm/val/nature/000138.jpg
300,data/standardized_jpg/vqdm/train/ai/001777.jpg|data/standardized_jpg/vqdm/train/ai/001086.jpg|data/standardized_jpg/vqdm/val/ai/000009.jpg|data/standardized_jpg/vqdm/val/ai/000051.jpg|data/standardized_jpg/vqdm/val/ai/000264.jpg
301,data/standardized_jpg/vqdm/train/ai/001039.jpg|data/standardized_jpg/vqdm/val/ai/000469.jpg|data/standardized_jpg/vqdm/val/ai/000261.jpg
302,data/standardized_jpg/vqdm/train/ai/000509.jpg|data/standardized_jpg/vqdm/train/ai/000279.jpg|data/standardized_jpg/vqdm/val/ai/000378.jpg
303,data/standardized_jpg/vqdm/train/ai/001429.jpg|data/standardized_jpg/vqdm/val/ai/000228.jpg
304,data/standardized_jpg/vqdm/train/ai/001399.jpg|data/standardized_jpg/vqdm/train/ai/000774.jpg|data/standardized_jpg/vqdm/val/nature/000079.jpg
305,data/standardized_jpg/vqdm/train/ai/000736.jpg|data/standardized_jpg/vqdm/train/ai/000330.jpg|data/standardized_jpg/vqdm/train/ai/001344.jpg|data/standardized_jpg/vqdm/val/ai/000247.jpg
306,data/standardized_jpg/vqdm/train/ai/001819.jpg|data/standardized_jpg/vqdm/train/ai/001782.jpg|data/standardized_jpg/vqdm/train/ai/001343.jpg
307,data/standardized_jpg/vqdm/train/ai/000252.jpg|data/standardized_jpg/vqdm/val/ai/000037.jpg
308,data/standardized_jpg/vqdm/train/ai/001602.jpg|data/standardized_jpg/vqdm/train/ai/001605.jpg
309,data/standardized_jpg/vqdm/train/ai/001789.jpg|data/standardized_jpg/vqdm/train/ai/001974.jpg|data/standardized_jpg/vqdm/train/ai/000956.jpg|data/standardized_jpg/vqdm/val/nature/000423.jpg|data/standardized_jpg/vqdm/val/nature/000246.jpg
310,data/standardized_jpg/vqdm/train/ai/000454.jpg|data/standardized_jpg/vqdm/train/ai/000301.jpg|data/standardized_jpg/vqdm/val/ai/000333.jpg
311,data/standardized_jpg/vqdm/train/ai/001990.jpg|data/standardized_jpg/vqdm/val/ai/000220.jpg
312,data/standardized_jpg/vqdm/train/ai/001172.jpg|data/standardized_jpg/vqdm/train/ai/001142.jpg|data/standardized_jpg/vqdm/val/ai/000214.jpg
313,data/standardized_jpg/vqdm/train/ai/000708.jpg|data/standardized_jpg/vqdm/val/nature/000319.jpg
314,data/standardized_jpg/vqdm/train/ai/000085.jpg|data/standardized_jpg/vqdm/train/ai/001179.jpg
315,data/standardized_jpg/vqdm/train/ai/000286.jpg|data/standardized_jpg/vqdm/val/ai/000330.jpg
316,data/standardized_jpg/vqdm/train/ai/001775.jpg|data/standardized_jpg/vqdm/val/ai/000117.jpg
317,data/standardized_jpg/vqdm/train/ai/000686.jpg|data/standardized_jpg/vqdm/val/nature/000201.jpg
318,data/standardized_jpg/vqdm/train/ai/000453.jpg|data/standardized_jpg/vqdm/train/ai/001899.jpg|data/standardized_jpg/vqdm/val/ai/000355.jpg
319,data/standardized_jpg/vqdm/train/ai/001003.jpg|data/standardized_jpg/vqdm/train/ai/001646.jpg
320,data/standardized_jpg/vqdm/train/ai/000718.jpg|data/standardized_jpg/vqdm/val/nature/000107.jpg
321,data/standardized_jpg/vqdm/train/ai/000297.jpg|data/standardized_jpg/vqdm/train/ai/001431.jpg|data/standardized_jpg/vqdm/val/nature/000464.jpg
322,data/standardized_jpg/vqdm/train/ai/001162.jpg|data/standardized_jpg/vqdm/val/nature/000149.jpg
323,data/standardized_jpg/vqdm/train/ai/000526.jpg|data/standardized_jpg/vqdm/val/ai/000017.jpg
324,data/standardized_jpg/vqdm/train/ai/000320.jpg|data/standardized_jpg/vqdm/train/ai/000302.jpg
325,data/standardized_jpg/vqdm/train/ai/000322.jpg|data/standardized_jpg/vqdm/train/ai/001388.jpg
326,data/standardized_jpg/vqdm/train/ai/001174.jpg|data/standardized_jpg/vqdm/val/ai/000056.jpg
327,data/standardized_jpg/vqdm/train/ai/001809.jpg|data/standardized_jpg/vqdm/train/ai/001437.jpg
328,data/standardized_jpg/vqdm/train/ai/001438.jpg|data/standardized_jpg/vqdm/train/ai/000064.jpg
329,data/standardized_jpg/vqdm/train/ai/001363.jpg|data/standardized_jpg/vqdm/val/ai/000177.jpg
330,data/standardized_jpg/vqdm/train/ai/001820.jpg|data/standardized_jpg/vqdm/train/ai/001621.jpg|data/standardized_jpg/vqdm/val/ai/000348.jpg
331,data/standardized_jpg/vqdm/train/ai/001613.jpg|data/standardized_jpg/vqdm/val/ai/000391.jpg
332,data/standardized_jpg/vqdm/train/ai/001954.jpg|data/standardized_jpg/vqdm/train/ai/001872.jpg|data/standardized_jpg/vqdm/val/ai/000105.jpg
333,data/standardized_jpg/vqdm/train/ai/001565.jpg|data/standardized_jpg/vqdm/train/ai/001876.jpg
334,data/standardized_jpg/vqdm/train/ai/001559.jpg|data/standardized_jpg/vqdm/train/ai/000605.jpg
335,data/standardized_jpg/vqdm/train/ai/000676.jpg|data/standardized_jpg/vqdm/train/ai/001509.jpg
336,data/standardized_jpg/vqdm/train/ai/000312.jpg|data/standardized_jpg/vqdm/train/ai/001971.jpg
337,data/standardized_jpg/vqdm/train/ai/000931.jpg|data/standardized_jpg/vqdm/train/ai/000933.jpg|data/standardized_jpg/vqdm/train/ai/001905.jpg
338,data/standardized_jpg/vqdm/train/ai/001637.jpg|data/standardized_jpg/vqdm/val/ai/000016.jpg
339,data/standardized_jpg/vqdm/train/ai/001582.jpg|data/standardized_jpg/vqdm/val/ai/000415.jpg
340,data/standardized_jpg/vqdm/train/ai/000139.jpg|data/standardized_jpg/vqdm/train/ai/000399.jpg|data/standardized_jpg/vqdm/val/ai/000413.jpg
341,data/standardized_jpg/vqdm/train/ai/000852.jpg|data/standardized_jpg/vqdm/train/ai/000112.jpg|data/standardized_jpg/vqdm/train/ai/001527.jpg|data/standardized_jpg/vqdm/val/ai/000350.jpg
342,data/standardized_jpg/vqdm/train/ai/001755.jpg|data/standardized_jpg/vqdm/train/ai/001532.jpg
343,data/standardized_jpg/vqdm/train/ai/001146.jpg|data/standardized_jpg/vqdm/train/ai/000855.jpg|data/standardized_jpg/vqdm/val/nature/000181.jpg|data/standardized_jpg/vqdm/val/ai/000042.jpg|data/standardized_jpg/vqdm/val/ai/000010.jpg
344,data/standardized_jpg/vqdm/train/ai/001634.jpg|data/standardized_jpg/vqdm/train/ai/001928.jpg
345,data/standardized_jpg/vqdm/train/ai/000300.jpg|data/standardized_jpg/vqdm/train/ai/000204.jpg
346,data/standardized_jpg/vqdm/train/ai/001750.jpg|data/standardized_jpg/vqdm/train/ai/000348.jpg
347,data/standardized_jpg/vqdm/train/ai/001793.jpg|data/standardized_jpg/vqdm/train/ai/001904.jpg|data/standardized_jpg/vqdm/val/ai/000308.jpg
348,data/standardized_jpg/vqdm/train/ai/001181.jpg|data/standardized_jpg/vqdm/val/ai/000201.jpg
349,data/standardized_jpg/vqdm/train/ai/000704.jpg|data/standardized_jpg/vqdm/val/nature/000427.jpg
350,data/standardized_jpg/vqdm/train/ai/000738.jpg|data/standardized_jpg/vqdm/train/ai/000229.jpg
351,data/standardized_jpg/vqdm/train/ai/001397.jpg|data/standardized_jpg/vqdm/val/nature/000030.jpg
352,data/standardized_jpg/vqdm/train/ai/001745.jpg|data/standardized_jpg/vqdm/val/ai/000085.jpg
353,data/standardized_jpg/vqdm/train/ai/001801.jpg|data/standardized_jpg/vqdm/val/nature/000097.jpg
354,data/standardized_jpg/vqdm/train/ai/001279.jpg|data/standardized_jpg/vqdm/val/nature/000012.jpg
355,data/standardized_jpg/vqdm/train/ai/000417.jpg|data/standardized_jpg/vqdm/val/nature/000391.jpg
356,data/standardized_jpg/vqdm/train/ai/000239.jpg|data/standardized_jpg/vqdm/val/ai/000466.jpg
357,data/standardized_jpg/vqdm/train/ai/001494.jpg|data/standardized_jpg/vqdm/train/ai/001444.jpg
358,data/standardized_jpg/vqdm/train/ai/001496.jpg|data/standardized_jpg/vqdm/val/ai/000033.jpg
359,data/standardized_jpg/vqdm/train/ai/000161.jpg|data/standardized_jpg/vqdm/val/ai/000366.jpg
360,data/standardized_jpg/vqdm/train/ai/000982.jpg|data/standardized_jpg/vqdm/val/ai/000369.jpg
361,data/standardized_jpg/vqdm/train/ai/001446.jpg|data/standardized_jpg/vqdm/val/nature/000417.jpg
362,data/standardized_jpg/vqdm/train/ai/001679.jpg|data/standardized_jpg/vqdm/train/ai/000836.jpg
363,data/standardized_jpg/vqdm/val/nature/000191.jpg|data/standardized_jpg/vqdm/val/nature/000177.jpg|data/standardized_jpg/vqdm/val/ai/000449.jpg
364,data/standardized_jpg/vqdm/val/nature/000192.jpg|data/standardized_jpg/vqdm/val/ai/000265.jpg
365,data/standardized_jpg/vqdm/val/nature/000133.jpg|data/standardized_jpg/vqdm/val/ai/000015.jpg
366,data/standardized_jpg/vqdm/val/nature/000213.jpg|data/standardized_jpg/vqdm/val/ai/000482.jpg
367,data/standardized_jpg/vqdm/val/ai/000035.jpg|data/standardized_jpg/vqdm/val/ai/000398.jpg
368,data/standardized_jpg/vqdm/val/ai/000468.jpg|data/standardized_jpg/vqdm/val/ai/000442.jpg
369,data/standardized_jpg/vqdm/val/ai/000279.jpg|data/standardized_jpg/vqdm/val/ai/000299.jpg
370,data/standardized_jpg/vqdm/val/ai/000389.jpg|data/standardized_jpg/vqdm/val/ai/000360.jpg
